Facility Code,District Name,School Name,Overall SPI OVERALL 2010,Overall SPI OVERALL 2011,Overall SPI OVERALL 2012,Black SPI OVERALL 2010,Black SPI OVERALL 2011,Black SPI OVERALL 2012,Hispanic SPI OVERALL 2010,Hispanic SPI OVERALL 2011,Hispanic SPI OVERALL 2012,ELL SPI OVERALL 2010,ELL SPI OVERALL 2011,ELL SPI OVERALL 2012,FRL SPI OVERALL 2010,FRL SPI OVERALL 2011,FRL SPI OVERALL 2012,SWD SPI OVERALL 2010,SWD SPI OVERALL 2011,SWD SPI OVERALL 2012,High Needs SPI OVERALL 2010,High Needs SPI OVERALL 2011,High Needs SPI OVERALL 2012,Overall SPI MATH 2010,Overall SPI MATH 2011,Overall SPI MATH 2012,Overall SPI READ 2010,Overall SPI READ 2011,Overall SPI READ 2012,Overall SPI WRITE 2010,Overall SPI WRITE 2011,Overall SPI WRITE 2012,Overall SPI SCIENCE 2010,Overall SPI SCIENCE 2011,Overall SPI SCIENCE 2012
0026111,Ansonia School District,Ansonia High School,61.9,55.8,60.1,39.7,45.5,46.6,58.2,49.2,46.5,,,,52.5,48.1,52.2,,,,52.1,47.4,51.6,56.5,50.5,52.1,63.9,54.6,63.1,64.599999999999994,65.900000000000006,71.099999999999994,64,58.2,60.6
0046111,Avon School District,Avon High School,91.5,90.9,91,,,,,,,,,,,,,63.7,66.1,58.8,67.599999999999994,73,68.3,91.2,89.7,90.9,90,89.3,87.8,94.5,95.7,95.2,90.6,90.6,91.3
0076111,Berlin School District,Berlin High School,84.5,86.5,86.9,,,,,,,,,,,62.5,64.5,52.8,,59.6,59.5,64.599999999999994,65.599999999999994,85.2,86.2,84,82.4,84.3,86.9,90.8,93,94.7,83,84.3,84.1
0096111,Bethel School District,Bethel High School,84.9,84.6,84.1,,,,77.1,75.1,76.1,,,,72.400000000000006,68.5,68.3,52.4,46.9,58.6,65.099999999999994,62.6,65.7,81.3,83.3,82.3,84.6,82.9,84.4,93.2,91.4,91.9,82,82.4,78.599999999999994
0116111,Bloomfield School District,Bloomfield High School,56.2,59.2,62.9,55.1,59.5,63.1,,,,,,,52.2,53.8,57.2,39.700000000000003,,,51,53.6,57.5,43.5,46.3,51.1,53.8,58,63.8,74.5,77.900000000000006,79.900000000000006,58.8,60,65.7
0126111,Bolton School District,Bolton High School,88.2,82.2,87.8,,,,,,,,,,,,,,,,,55,,83.1,77.900000000000006,85.7,90.8,83,85.8,90.9,91,93.7,87.9,84.7,86.4
0146111,Branford School District,Branford High School,85.1,80.900000000000006,80.900000000000006,,,,,,77.1,,,,77.099999999999994,70.400000000000006,79.7,58.4,50.3,56.5,69.900000000000006,62.2,69.099999999999994,80.900000000000006,77.400000000000006,74.5,85.1,77.3,80.8,92.1,90.6,89.1,85.7,81.599999999999994,80.900000000000006
0156111,Bridgeport School District,Bassick High School,20.8,32.5,34.1,20.8,33.1,32.2,19.5,32.5,32.9,11,17.1,23.2,20.7,32.5,34.1,7.9,,14.1,20.8,32.5,34.1,16.899999999999999,28.9,26.5,21.2,28.5,34.299999999999997,32.9,45.7,48.7,20.8,29.8,31.4
0156211,Bridgeport School District,Central High School,48.5,52.8,48.4,43.8,48,47.9,49.5,51.3,46,24.4,36.2,25.9,47.5,52.8,48.4,14.3,14.1,15.2,47.4,52.8,48.2,42.6,46.2,42.2,49.4,54,47.6,57.4,61.5,61.5,46.3,51.8,47.1
0156311,Bridgeport School District,Harding High School,30.9,28.9,36.5,33.2,31.3,38.5,29.1,26.2,32.9,24.5,18,19.9,30.8,28.9,36.299999999999997,12.7,8.9,6.8,30.8,28.9,36.299999999999997,24.5,25.2,29.9,35,32.5,36.299999999999997,43.3,47.6,53.5,28,23.2,30.2
0176111,Bristol School District,Bristol Central High School,78.5,74.7,76.400000000000006,70.4,,,66.5,58.6,62.2,,,,67.900000000000006,64.2,63.5,43,41.8,42.4,65.400000000000006,60.7,60.9,78.5,76,77.099999999999994,77.099999999999994,70.8,73.2,82.6,79.099999999999994,82.2,79.2,75,76.5
0176211,Bristol School District,Bristol Eastern High School,78.7,74.7,75.900000000000006,69.7,,59.6,61.3,62.9,61.7,,,,65.599999999999994,64,62.2,48.3,42.6,45.8,65.599999999999994,58.7,60.3,78.599999999999994,75.099999999999994,77,76.400000000000006,70.599999999999994,72,81.900000000000006,81.5,80.900000000000006,79.900000000000006,75.5,76.900000000000006
0186111,Brookfield School District,Brookfield High School,88.6,91.9,90.4,,,,,,,,,,,,,,,69,,76,77.900000000000006,88.6,89.7,89,87.7,90.6,88,91.2,96.2,94.9,87.2,91,90.8
0236111,Canton School District,Canton High School,93.9,90.4,89.5,,,,,,,,,,,,,,,,,75.5,,93.8,90.1,89.6,93.2,88.8,87.8,97,94.7,93.3,92.5,89.2,88.2
0256111,Cheshire School District,Cheshire High School,89.3,89.7,88.4,,,,,,,,,,74.8,,63.9,58.6,64.9,60.6,66.5,71.400000000000006,65.599999999999994,88.2,89.8,86.8,89.4,87,85.5,93.7,94.7,93.6,87.8,88.6,88.9
0276111,Clinton School District,The Morgan School,79.7,80.400000000000006,81.3,,,,,,,,,,,,,,,,58.2,62.9,64.7,77.5,77.400000000000006,77.400000000000006,77.8,79.5,77.7,86.9,89.5,89.4,78.400000000000006,80,82.1
0286111,Colchester School District,Bacon Academy,81.2,77,83.5,,,,,,,,,,71.900000000000006,53,66.8,39.299999999999997,34.9,50.9,58.7,48.3,58.4,83.3,76.7,79.599999999999994,79.2,72.8,81.7,83.4,81.900000000000006,90.3,79.599999999999994,78.5,83.6
0326111,Coventry School District,Coventry High School,72.400000000000006,78.3,82.5,,,,,,,,,,,77,,26.9,,,38.799999999999997,57.3,59.7,67.400000000000006,74,73.7,72,76.5,84.1,82,85.7,95.8,77.8,82,86
0336111,Cromwell School District,Cromwell High School,81.3,82,84.6,,,,,,,,,,68.5,,,,,,65.099999999999994,60.1,70.900000000000006,79.8,76.7,85,78.3,79.099999999999994,79.7,89.6,91.2,91.9,79.8,81.900000000000006,81.7
0346111,Danbury School District,Danbury High School,60,55.6,61.6,53.1,45.3,47.5,38.5,36.5,45.6,21.2,14.7,20.6,43.6,36.9,46,26.6,17.6,31.1,40,34.799999999999997,43.5,56.3,54.2,56.3,59.4,52.7,62.5,66.400000000000006,62.8,72.7,61.5,58.4,59
0356111,Darien School District,Darien High School,90.5,94.2,91.4,,,,,,,,,,,,,65.8,75.9,67.599999999999994,64.8,75.8,67.599999999999994,90.4,94.6,91.5,90.9,94,90.1,95.2,97.4,95.6,86.4,91.9,88.4
0376111,Derby School District,Derby High School,67.099999999999994,60.1,58.3,,,,,,,,,,54.7,53.3,48.6,,,,56.5,50.2,47.3,57.5,43.6,51,68.900000000000006,60.3,56.5,79.099999999999994,75.400000000000006,72.900000000000006,66.8,62.1,59.6
0406111,East Granby School District,East Granby High School,84.1,84.3,86.4,,,,,,,,,,,,,,,,,,,82.5,86.7,86.1,86,79.400000000000006,85.4,93.6,89.2,96.4,77.7,81.900000000000006,82.1
0416111,East Haddam School District,Nathan Hale-Ray High School,82.3,81,76.599999999999994,,,,,,,,,,,,,,,,,59.9,51.2,78.3,79.900000000000006,70.2,83.9,76.8,74.099999999999994,87.4,83.4,84.8,80.5,85.3,77.8
0426111,East Hampton School District,East Hampton High School,84.9,88,85.9,,,,,,,,,,,,,,,,61,64.7,58.4,81.8,86.7,81.5,84.2,87.2,85.3,90.4,95.5,93.9,85.9,88.5,84.8
0436211,East Hartford School District,East Hartford High School,58.7,55.4,53.4,52.7,50.9,48.4,52.2,40,47.5,,21.1,30.4,51.3,49.3,50.1,21.9,21,25.2,50.6,47.5,48.2,52,46.7,47.1,58,50.4,50.6,70.099999999999994,68.900000000000006,67.099999999999994,56.5,57.4,51.3
0436311,East Hartford School District,Connecticut IB Academy,86.8,86.1,90.1,,,,,,,,,,,,,,,,,,,87.8,79.5,88.6,86.3,88.7,91.6,95,95.8,96.4,78.3,80.3,83.7
0436411,East Hartford School District,Stevens Alternate High school,17.3,30.5,17.899999999999999,,,,,,,,,,12.7,30.3,18.2,,,,11.9,29,19.100000000000001,10.1,26.8,13.9,17.600000000000001,24.6,16.600000000000001,14,40.299999999999997,23.5,28.3,30.1,17.2
0446111,East Haven School District,East Haven High School,71.3,71.8,69.7,,,,,71.5,68.1,,,,65.7,63.6,65.900000000000006,,,42.7,62.3,63.9,62.6,67.099999999999994,65.400000000000006,63.4,67.3,69.5,67.3,83.3,84.7,82.6,70.5,69.3,67.099999999999994
0456111,East Lyme School District,East Lyme High School,86,89.4,87.7,,,,,,,,,,73.900000000000006,,,59.3,61.6,62.2,65.099999999999994,67.2,67.099999999999994,85.6,88.4,85.6,82.3,88.3,86.3,90.5,94.4,93.2,86.1,88.4,87.5
0476111,East Windsor School District,East Windsor High School,70.2,69.8,69.7,,,,,,,,,,63.1,56.5,57.3,,,,57.6,55.8,56.4,70.099999999999994,70.3,64.8,69.3,61.7,67.2,76.7,79,80.5,66.400000000000006,70.5,69.2
0486111,Ellington School District,Ellington High School,83.6,82.7,82.9,,,,,,,,,,,,59.7,,,55.5,48.3,57.8,60,80.099999999999994,81.599999999999994,80.7,82.8,80.3,81.3,86.4,87.9,89.8,87.3,83.5,81.5
0496111,Enfield School District,Enfield High School,72.8,70.599999999999994,71.8,,,,,,,,,,61.5,59,59,38,,,56,58.9,59.3,74.7,68.099999999999994,73.599999999999994,74.3,67.400000000000006,69.900000000000006,75.099999999999994,74.3,74.8,69.599999999999994,72.900000000000006,71.8
0496211,Enfield School District,Enrico Fermi High School,76.099999999999994,77.2,76.900000000000006,,,,,,,,,,68.599999999999994,65.5,70.8,50.3,45.9,48.7,62.3,61.9,64.5,71.599999999999994,71.900000000000006,74.7,77.3,75.5,75.3,83,84.5,84,73.7,78.900000000000006,74.900000000000006
0516011,Fairfield School District,Fairfield Ludlowe High School,88.9,88.9,88.1,,,,,82.5,67.2,,,,,78.5,66.8,65.7,58.8,50.4,65.7,67.900000000000006,59.1,85.2,86.7,84.7,88.6,86.9,87.9,94.5,93.8,93.8,87.4,89.1,87.3
0516211,Fairfield School District,Fairfield Warde High School,85.3,85.9,87.7,,,,69.3,79.3,84.1,,,,67.2,75.8,73.3,47.1,46.7,47.8,60,65.599999999999994,65.7,83.4,84,85.8,83.6,82.1,85.6,90.1,92.5,93.6,86,89.8,88.5
0526111,Farmington School District,Farmington High School,89.6,91.8,89.6,75.8,,,,,79.3,,,,78.599999999999994,80.7,68.5,62.2,66.4,57,71.099999999999994,74.7,65.7,89.3,91,89.8,87.2,90.3,87.1,93.1,96.3,94.6,88.9,92.3,89.3
0546111,Glastonbury School District,Glastonbury High School,89.8,90.4,87.8,64.6,,,80.9,78.7,75.5,,,,69.400000000000006,65,70.5,57.9,61.9,52.6,65.099999999999994,65.599999999999994,62.7,89.9,91.4,88.2,88.3,87.9,84.5,91.3,91.6,91.7,91.9,91.8,89.6
0566111,Granby School District,Granby Memorial High School,91.3,92.1,88.8,,,,,,,,,,,,,,,,,,65.7,91.7,93.6,90.3,87.6,88.2,82.9,95.1,93.9,92.6,91.7,93.9,89.9
0576111,Greenwich School District,Greenwich High School,87.3,85.8,86.1,66.2,56.6,63.5,74.6,74.1,71.7,,,57.7,67.599999999999994,62.7,67,67.8,61.6,54,70,65.099999999999994,64.3,86.6,85.4,83.7,86,84.9,86,91.8,91.3,93.6,85.9,83.8,86.6
0586211,Griswold School District,Griswold High School,74,77,69.8,,,,,,,,,,61.7,70.2,63.1,36.6,,25.6,54.6,65.900000000000006,56,75.2,75.8,63.2,67.900000000000006,70.5,64,77.3,84.3,79.3,76.5,79.8,75.599999999999994
0596111,Groton School District,Fitch Senior High School,68.900000000000006,71.3,69.900000000000006,52.5,60.1,60,54.4,56.8,53.7,,,,52.8,60.7,56.2,26.8,34.2,27.4,49.9,55.4,52.6,68.099999999999994,70.7,70.2,70.099999999999994,67.599999999999994,67.599999999999994,74.5,78.3,76.2,67.8,70.400000000000006,70.599999999999994
0606111,Guilford School District,Guilford High School,92,91.9,92.8,,,,,,,,,,,,87.8,70.599999999999994,75.7,70.400000000000006,77.400000000000006,81.2,80.099999999999994,91.6,89.6,91,89.7,91.6,91.8,95.8,95.5,95.6,92.6,91.5,94.3
0626111,Hamden School District,Hamden High School,64.599999999999994,63.5,66.400000000000006,49.8,49.5,53.5,60.1,56.3,57.9,,,,49.9,49.7,52.6,32.4,37.5,34.799999999999997,48.6,48.1,49.8,60.7,62.1,63.3,65,62.6,65.400000000000006,71.8,71.599999999999994,76,62.4,61,63
0646011,Hartford School District,Culinary Arts Academy,35.5,40.700000000000003,32.299999999999997,34.9,40.2,36.3,,,24.8,,,,35.5,40.700000000000003,32.299999999999997,,,,35.5,40.700000000000003,32.299999999999997,32.1,40.700000000000003,26.4,42,35.4,32.1,38.5,53.7,51.4,41,38.700000000000003,25
0646111,Hartford School District,Bulkeley High School Lower School,51.1,41.6,41.2,53.1,36.1,38.8,49.3,42.6,41,39.3,28.1,27.7,51.1,41.6,41.2,33.700000000000003,18.5,33.1,51.1,41.6,41.2,54.5,42.1,39.1,51.4,40.1,44.6,55.4,53,56,47.8,41.2,35.200000000000003
0646411,Hartford School District,Classical Magnet School,70.7,70.599999999999994,69.8,64.6,63.9,63.4,63,67.6,64,,,,65,60.8,62,,,,63.7,60.8,62.2,56.9,60.7,60.5,73.8,67.8,68.8,84.7,87.6,81.400000000000006,68.099999999999994,67.8,67.8
0646511,Hartford School District,Sports and Medical Sciences Academy,73.8,75.400000000000006,75.7,71.1,68.9,76.4,66,74.9,67.8,,,,73.8,75.400000000000006,75.7,,,,73.8,75.400000000000006,75.7,71.5,77.2,77.5,73.8,70.2,71.8,87.3,84.9,83.3,69.599999999999994,72.3,71.3
0646611,Hartford School District,Pathways Academy of Technology and Design,54.7,58.4,62.8,54.7,48.3,49.8,43.8,58.4,62.9,,,,51.3,55.2,53.9,,,,49,53.4,52.9,47.3,53.3,60.4,55.6,55.7,58,63,72.2,78.400000000000006,56.2,60.1,64.8
0646711,Hartford School District,University High School,74.5,74.900000000000006,78.7,70.3,68.9,70.6,73.2,62.3,,,,,71.3,72.400000000000006,68.099999999999994,,,,71.900000000000006,72.3,69.5,69.2,73.7,76.400000000000006,69.7,64.7,73.8,81.099999999999994,85.1,88.6,80.400000000000006,81.900000000000006,80.099999999999994
0646911,Hartford School District,Capital Preparatory Magnet School,74.2,64.2,73,72.8,62.8,67.8,,,,,,,73.2,68,73.8,,,,73.2,68,73.8,65.900000000000006,62.9,62.6,79.5,60.5,70.3,89.9,80.7,90,60.3,52.8,69.099999999999994
0647211,Hartford School District,HPHS Academy of Engineering and Green Technology,33.5,35.5,28.3,33.1,39,28.1,32.6,33,25.8,19.3,21.6,19.3,33.5,35.5,28.4,15.7,,,33.5,35.5,28.4,30.5,34.200000000000003,28.9,35.700000000000003,36.200000000000003,31.3,49.5,54.2,46.1,27.3,34.200000000000003,21.1
0647411,Hartford School District,HPHS Law and Government Academy,39.799999999999997,45.6,38.4,38.4,47.6,40.5,41.9,41.1,38.7,31.9,33.7,22.1,39.799999999999997,45.6,38.4,29.7,36.8,,39.799999999999997,45.6,38.4,29.3,37.299999999999997,33.6,49.4,45.7,37,56.3,64.2,58.4,29.2,38.1,27.6
0647511,Hartford School District,HPHS Academy of Nursing and Health Science,41.6,39.9,40.1,50.5,44.7,43.1,32.3,35.9,39.2,19.6,23.5,35.9,41.4,39.9,40.1,27.3,,,41.4,39.9,40.1,34.5,31.6,26.4,49.1,42.6,44.7,53.1,55.8,58.3,32.299999999999997,35.299999999999997,31.3
0647611,Hartford School District,High School Inc.,37.9,48.3,39.200000000000003,37.5,52.2,38.9,38.4,41.5,,,44.1,,39,46.9,37.1,,43.8,,36.200000000000003,47.1,37.200000000000003,24.8,39.700000000000003,29.7,47,47.4,42.8,45.5,69.5,57.2,36.1,46.8,32
0647711,Hartford School District,Journalism and Media Academy Magnet School,40.1,35.299999999999997,38.6,40.6,36.8,38.9,,,,,,,40.1,35.299999999999997,38.6,,,,40.1,35.299999999999997,38.6,31.6,26.1,23.6,45.6,42.9,46,49.5,53.7,61.3,28.5,33.299999999999997,33.700000000000003
0647811,Hartford School District,OPPortunity High School,25.9,29.2,39.799999999999997,,,,24,28.4,,,,,25.5,24.5,38.799999999999997,,,,25.1,24.8,38.799999999999997,10.1,16.600000000000001,31.8,26,37.799999999999997,41.6,40.4,49,66.8,28.8,19.399999999999999,24.6
0696111,Killingly School District,Killingly High School,65.599999999999994,70,66,,,,,,,,,,59.9,65.400000000000006,55.3,28.4,,25,55.7,61.1,50.5,58.4,65.099999999999994,59.4,65,70.599999999999994,64.2,70,79.099999999999994,76.3,69.400000000000006,68.7,65.5
0716211,Lebanon School District,Lyman Memorial High School,74.5,80,80,,,,,,,,,,,,,,,,,52.9,62.4,74.7,76,76.2,72.099999999999994,79.400000000000006,77.2,78.2,83.4,87.3,77.3,82.7,79.599999999999994
0726111,Ledyard School District,Ledyard High School,82.7,83.4,82.7,,,,,,,,,,75.8,70.2,75.599999999999994,,61.3,58.4,70.8,70.900000000000006,69.099999999999994,81.599999999999994,83,82.1,79.900000000000006,81.2,78.2,86.4,89.9,88.1,84.1,83.2,85.3
0746111,Litchfield School District,Litchfield High School,90.5,84.3,91.2,,,,,,,,,,,,,,,,,,,88,80.5,88.8,89.1,84,91.2,94.9,90.2,94.6,93.6,83.8,91.7
0766111,Madison School District,Daniel Hand High School,89.6,90.7,94.2,,,,,,,,,,,,,63,66.6,81.099999999999994,66.5,68.900000000000006,83.6,85.9,88.8,93.5,90.6,89.3,94.5,94.2,94.2,97.5,88.5,90.7,92.3
0776111,Manchester School District,Manchester High School,68,68.3,68.400000000000006,54.7,55.3,56.1,59,54.8,49.4,,45.1,,57.3,56.9,57.5,39.9,28.2,26.3,55.8,55.4,55.3,62.8,63.4,63.8,67.5,67.400000000000006,67,79.3,81.900000000000006,83,67.7,69.7,67
0806111,Meriden School District,Francis T. Maloney High School,55.4,59,57.9,45.4,50,47.7,41.7,45.4,48.4,24.7,23.9,23.8,41.9,46.5,47.5,25.9,26.2,26.9,41.4,45.6,47.1,52,57.5,56.6,57.6,57.8,51.8,63.7,70,69,55.1,57.3,58.5
0806211,Meriden School District,Orville H. Platt High School,58.1,58.6,58,50.2,49.4,55.6,49.9,53.6,47.4,,,,47.1,50.4,49.3,26.4,26.8,33.4,46.3,49.8,49.2,54.2,54,53.6,59.9,60.1,59.8,67.2,74.3,71.5,55.7,52.6,53.4
0836211,Middletown School District,Middletown High School,65.2,66.900000000000006,70.8,50.1,52.2,57.3,52.4,46.4,,,,,51.5,52.1,56,33.299999999999997,28.3,29.5,50,50.5,52.8,60.1,66,66.2,64,60,67.2,70.900000000000006,74.599999999999994,80,69.7,70,72.900000000000006
0846211,Milford School District,Jonathan Law High School,69.099999999999994,73.400000000000006,75.2,,,,64,61.6,,,,,56.1,60.8,63,37.9,42.7,43.6,51.6,57.1,57.3,66.599999999999994,71,72.599999999999994,67.900000000000006,70.599999999999994,73.7,72.900000000000006,80.099999999999994,79.5,71.900000000000006,73.8,77.099999999999994
0846311,Milford School District,Joseph A. Foran High School,79.400000000000006,76.2,83.2,,,,,,,,,,70.5,70.7,72.8,44.2,50.2,57.2,63.1,61.3,66.099999999999994,76.099999999999994,71.400000000000006,80.900000000000006,77.2,70.400000000000006,79.400000000000006,84.3,86,89.9,79.900000000000006,78.400000000000006,84
0856111,Monroe School District,Masuk High School,89.8,88.1,85.7,,,,,,,,,,,74.599999999999994,77.5,,68.4,52.5,67.7,72.5,65.2,91.4,88,82.8,86.7,83.5,84.9,92.4,93.4,92.4,90.1,90,87.1
0866111,Montville School District,Montville High School,73.7,75.7,75.8,,,,,,,,,,59.9,60,59.5,,,,56,55.4,57.4,68.8,71.599999999999994,70.2,71.099999999999994,70.599999999999994,74.099999999999994,81.2,85.1,83,74.400000000000006,76.900000000000006,76.900000000000006
0886111,Naugatuck School District,Naugatuck High School,73,73.099999999999994,74.8,,63.6,57.8,59,67.1,67,,,,61.9,65.3,65.7,33.200000000000003,38.4,38,56.9,62.3,63.2,69.900000000000006,70.900000000000006,73.7,72.7,70,72,81.400000000000006,80.2,82.4,72.400000000000006,71.3,73.400000000000006
0896111,New Britain School District,New Britain High School,47.8,45.4,45,45,46.5,43.3,35.4,34,34.2,24.4,20.7,19.8,39.200000000000003,38.5,36.6,14.6,11.9,17.600000000000001,39.200000000000003,38.4,36.200000000000003,43.1,42,41.7,50.3,45.3,46.9,57.2,56.1,60,44.7,41.6,36
0906111,New Canaan School District,New Canaan High School,93.9,93.4,93.6,,,,,,,,,,,,,71.5,73,68.5,71.5,73.599999999999994,68.5,93.3,93.9,92.3,94.1,93.5,94.6,95.9,96.5,96.7,92.7,89.6,92.2
0916111,New Fairfield School District,New Fairfield High School,89.6,86.2,84.8,,,,,,,,,,,75.7,68.8,,53.3,56.5,76.099999999999994,66.8,66.3,86.2,81.7,80.599999999999994,87.3,83.6,79.099999999999994,94.9,93.7,93.6,89.6,88,88.4
0936011,New Haven School District,Metropolitan Business High School,51.8,53,52.8,,50,48.6,,52.8,50.4,,,,51.5,52.6,48.9,,,,49.7,52.7,48.9,43.7,48.9,43.7,52.9,53.8,51.8,64.400000000000006,59.4,73.099999999999994,47.7,53.6,48
0936111,New Haven School District,Wilbur Cross High School,46,51.3,41.2,42.7,48.4,38.6,40.8,38.3,34.4,23.4,23.6,16.2,41.8,48.5,38.4,24.7,26,20.6,41.9,48.6,38.1,40.5,46.8,36.700000000000003,48.1,49.5,43,59.6,70.400000000000006,59.3,44.6,55.8,39.9
1266111,Shelton School District,Shelton High School,79.900000000000006,79,83.3,,,,63.6,70.8,73.7,,,,64.8,60.6,71,46.9,42.3,39.1,61.9,58.8,63.9,79.3,78.400000000000006,81.5,79.400000000000006,76.2,79.5,84.5,84,91.3,76.599999999999994,80,84
0936211,New Haven School District,James Hillhouse High School,38.1,40.700000000000003,39.6,40.4,41.9,39.2,25.9,33.2,38.4,,24.7,16.3,37.1,39.4,41.7,17,25,21.1,36.6,39.4,39.299999999999997,31.1,34.200000000000003,32.6,41.7,40.200000000000003,40.799999999999997,52.6,58.1,56.7,33.299999999999997,37.9,38
0936311,New Haven School District,Hill Regional Career High School,68.8,64.599999999999994,67.2,66.2,56.5,61.8,61,61.6,65.1,,,,65.3,62.2,64.5,,,,65.099999999999994,62,64.400000000000006,60.2,57.5,58.7,69.2,63.6,68.3,80.099999999999994,79.3,82.3,66.8,63.3,61.5
0936411,New Haven School District,Cooperative High School,60,66.8,65,52.7,60.2,56.1,58.2,62.7,66.4,,,,56.1,63.9,60.6,,,,55.8,63.3,61,47.4,58,53.8,67.099999999999994,68.7,68.3,71.599999999999994,80.099999999999994,80.2,56.1,65.2,60.5
0936611,New Haven School District,High School In The Community,48.1,45.3,46,42.5,40.9,43.4,,44.6,,,,,44.9,44.2,44.9,,,,44.1,43.9,44.6,44.5,31.9,39.200000000000003,38.299999999999997,46,46.4,61.5,62.8,67.8,48.1,47.3,41
0936711,New Haven School District,Sound School,72.7,73.900000000000006,82.6,,,,55.3,,73.9,,,,67,64.900000000000006,77.7,,,,66.2,67.7,80.5,67.2,68.8,82.6,69.599999999999994,67.8,77,77.900000000000006,83.2,87.8,76.3,76.900000000000006,82.7
0936811,New Haven School District,Hyde Leadership School,49.9,54.7,50,48.1,52.1,47.1,,,,,,,51.5,55,46.4,,,,51,54.1,46.1,33.4,47.7,41.7,45.7,47.9,45.8,75,69.599999999999994,78.400000000000006,46.9,54.7,42.8
0937011,New Haven School District,New Haven Academy,53.9,53.5,59.1,45.1,52.2,46.6,,,,,,,47.7,53.8,58.9,,,,47.7,52.9,58.1,52.2,46.7,56.9,53.3,52.9,53.3,67.7,65.3,75,50.5,51,55.3
0946111,Newington School District,Newington High School,84,83.4,83,,,,68.8,77.9,69.1,,,,74.099999999999994,75.7,69.7,53.8,46.7,44.2,67.2,65.599999999999994,63.7,82.3,82.2,77.2,83,82.1,85.4,91.9,90.8,91.3,81.7,81.8,82.3
0956111,New London School District,New London High School,47.7,40.799999999999997,55.8,45.8,35,59,35.2,31.4,44.1,27.5,20.8,32.4,47.4,41.2,55.8,24.5,18.6,34.700000000000003,47.2,41.1,55.8,42.8,39,50.3,48,36.5,57.2,52.4,46,62.8,49.8,43.6,53.3
0966111,New Milford School District,New Milford High School,83.3,83.2,81.900000000000006,,,,73.6,,75.1,,,,71,72,73.099999999999994,56.5,55.4,42.7,62,66.2,62.4,83.9,80.099999999999994,80.2,80.5,80.599999999999994,77,87.9,89.1,89.7,84,85.2,83
0976111,Newtown School District,Newtown High School,87.5,87,89.4,,,,,,85.1,,,,,77.5,70.3,58.9,50.6,44.3,65.5,66.599999999999994,61.3,88.8,86.4,88.4,86,86.1,87.4,90.7,91.6,94.1,86.5,85.2,91
0996111,North Branford School District,North Branford High School,86.2,83.5,80.5,,,,,,,,,,,78.7,68.2,,,54.3,68.599999999999994,69.400000000000006,63.4,82,79.599999999999994,76.400000000000006,85.8,81.8,79.3,91.9,90.6,88.1,87.3,84.9,81.8
1016111,North Haven School District,North Haven High School,83.4,82.2,84.4,,,,,70.1,72.8,,,,75.099999999999994,69.5,68.7,46.5,53.4,53.2,62.5,63.3,63.9,82.4,80.5,82.1,82.2,80.099999999999994,82.7,87.7,90.2,91.1,83.2,79.400000000000006,84.1
1026111,North Stonington School District,Wheeler High School,76,83.7,81.400000000000006,,,,,,,,,,,,,,,,,,,74.3,82.1,78.099999999999994,72.900000000000006,83.7,78.7,78.5,85.7,88.7,79.8,84.7,80
1036111,Norwalk School District,Norwalk High School,68.900000000000006,70.099999999999994,67.900000000000006,49.5,48.5,49.5,59.3,62.7,61.1,27.8,30.3,33.2,49.7,54.7,55.4,36.9,35.3,38.9,49.3,50.8,52,64.7,67.5,63.9,69.3,70.599999999999994,66.099999999999994,78,80.599999999999994,79.7,68.3,64.5,65.3
1036211,Norwalk School District,Brien McMahon High School,70.5,70.099999999999994,68.7,62.1,55.1,55.5,64.2,67.3,63.6,44.1,40.5,34.9,58.7,61.1,58.6,46.7,37.9,40.9,58.3,58.6,56.3,65.3,66.900000000000006,63,71.900000000000006,70.599999999999994,70.2,77.900000000000006,76.2,78,69.400000000000006,67.7,65.099999999999994
1066111,Old Saybrook School District,Old Saybrook Senior High School,88.9,87.2,81.2,,,,,,,,,,,,,,,,57.2,78,66.400000000000006,86.4,82.7,77.3,90.1,86.5,81.599999999999994,95.2,93.8,88.1,87.9,86.9,80.599999999999994
1086011,Oxford School District,Oxford High School,82,83.2,85.9,,,,,,,,,,,,,,,,,,,79.2,80.400000000000006,81.099999999999994,80.400000000000006,78.900000000000006,85.8,88.5,89.7,93.1,81.7,84.8,84.3
1096111,Plainfield School District,Plainfield High School,65.8,65.8,64.900000000000006,,,,,,,,,,48,50.9,52.4,33.6,25,25.2,44.2,48.8,48.5,63.1,64,59.1,62.3,61.8,62,74.099999999999994,71.5,72.900000000000006,68.7,68,66.5
1106111,Plainville School District,Plainville High School,76.900000000000006,78.3,80.5,,,,,,,,,,68.599999999999994,63.2,77.400000000000006,,53.4,,64.3,63.5,75.5,74.5,75.8,79.099999999999994,74.5,76.7,76.5,80,86,89.3,82.4,81.2,82.5
1116111,Plymouth School District,Terryville High School,69.2,76.400000000000006,73.8,,,,,,,,,,57.9,67.5,57,,,,54.2,60.8,52.9,70.2,76.3,71,66.2,71.599999999999994,72.599999999999994,72.3,84,83,71.3,74.2,71.599999999999994
1136111,Portland School District,Portland High School,84.3,81.8,83.7,,,,,,,,,,,,,,,,,53.1,,85.1,81.099999999999994,82.1,86.3,82.8,84.1,88.1,87.3,89.1,83.6,82.2,79.400000000000006
1166111,Putnam School District,Putnam High School,65.5,63.9,57.7,,,,,,,,,,61.8,58.9,48.7,,,,59.4,56.1,48.2,62.4,52,47.8,63.6,63.6,56,69.8,73.7,68.7,71,70.2,59.9
1186111,Ridgefield School District,Ridgefield High School,93.8,93.9,94.5,,,,,85.5,,,,,,,89.8,72.099999999999994,59.7,76.099999999999994,75.099999999999994,66.3,83.3,93.5,95.1,94.1,93.3,92.8,92.9,97,97,98,91.3,91.6,93.2
1196111,Rocky Hill School District,Rocky Hill High School,79,83.5,80,,,,,,,,,,,,67.5,,59.5,,54.2,61.3,61.3,75.099999999999994,80.8,77.7,76.3,80.400000000000006,78.900000000000006,83.7,90.1,87.3,84,86.4,81.2
1246111,Seymour School District,Seymour High School,70.7,71.099999999999994,72,,,,,,,,,,47.5,53.6,61.5,,,,46.8,50.5,58.7,69.7,68.900000000000006,69.599999999999994,67.3,69.3,65.599999999999994,77.3,78.2,81.099999999999994,70.3,71,73.5
1286111,Simsbury School District,Simsbury High School,93.1,93.2,92,,,,,,,,,,78,81.8,74.8,72.8,70.6,66.7,76,76.099999999999994,72.099999999999994,92.3,92.6,89.7,93.2,92.4,92.3,96.4,97.4,96.8,91,92.5,91.5
1296111,Somers School District,Somers High School,90.7,86,83.5,,,,,,,,,,,,,,,,,,61.3,91.1,84.3,80.599999999999994,88.6,84,80.099999999999994,94.3,90.7,89.3,89.1,85.3,84.2
1316211,Southington School District,Southington High School,82.6,82.7,85.4,,,,,,68.9,,,,65.8,52.5,68.099999999999994,55.8,61.8,58.7,62.4,60.9,65,84.1,84.8,86.2,82.8,79.3,86.4,85,85.4,86.8,82.3,87,84.4
1326211,South Windsor School District,South Windsor High School,87,87.2,88.5,80.8,,,69.9,,,,,,70.400000000000006,72.900000000000006,71.599999999999994,62.9,52.1,63.1,67.400000000000006,61.3,67,85.3,86.5,84.1,86.3,85.9,89.6,90.6,92.4,94.3,87.1,87,88
1346111,Stafford School District,Stafford High School,80.5,83.7,79.400000000000006,,,,,,,,,,74.5,74.099999999999994,66.599999999999994,,,,72.3,71.8,67.599999999999994,81.599999999999994,82.9,75.5,79.8,83.2,78.8,84.1,93.4,90.1,78.3,78.400000000000006,75.900000000000006
1356111,Stamford School District,Stamford High School,63.7,68,64.900000000000006,41.7,53.4,49.4,51.8,59.7,60.3,37.7,32.2,27.1,45.8,56.6,54.4,35,40.9,38.4,47.5,55,52.3,57.4,61.8,60.3,66.599999999999994,67.7,63.3,72.3,79.400000000000006,77.5,61.3,66,63.9
1356311,Stamford School District,Westhill High School,65.900000000000006,67.900000000000006,65.900000000000006,46.7,51.9,47,54.2,55.5,53.5,33.3,31.7,26.5,52,53.7,50.6,48,47.8,37,51.5,53,49.5,61,61.6,62,68.599999999999994,69.599999999999994,65.5,75.400000000000006,78.8,78.2,64.2,68,63.9
1356411,Stamford School District,The Academy of Information Technology,77.5,81.7,77.900000000000006,67,72.4,59.3,73.7,77.3,72.3,,,,70,71.900000000000006,69.099999999999994,,,,69.3,70.099999999999994,63.9,73.599999999999994,80.8,74.900000000000006,75,76.7,75.099999999999994,84.6,88,86.1,76.900000000000006,81.2,76
1376111,Stonington School District,Stonington High School,79,82.3,81.5,,,,,,,,,,57.7,,70.400000000000006,52.5,,,56.7,64.3,60.3,77.599999999999994,82.9,79.099999999999994,76.400000000000006,80.400000000000006,79.5,86,85.8,88.2,78.7,80.7,80.8
1386111,Stratford School District,Stratford High School,71.5,74.5,72.5,62.8,63.6,61.5,67.6,69.2,66.9,,,,62.8,64,60.5,,37.4,35.9,62.4,61.3,56.9,68.5,75.099999999999994,70.2,70.599999999999994,70.5,71.2,80,82.2,82.5,68,75.2,69.3
1386211,Stratford School District,Bunnell High School,74.7,77.099999999999994,76.8,61.4,65.4,65.3,69.9,70.9,68,,,,61.6,65.599999999999994,62.7,,43.1,,60.5,61.2,61.9,72.400000000000006,75.099999999999994,75.2,73.7,72.8,73.5,84.9,87,86.4,70.599999999999994,75.2,72.900000000000006
1396111,Suffield School District,Suffield High School,81.900000000000006,85.6,86.8,,,,,,,,,,,66.2,,33.700000000000003,,47.2,49.1,62,53.4,83.9,85.4,84.4,77.599999999999994,83.4,86.1,86.6,88.8,91.5,84.3,85.1,85.4
1406211,Thomaston School District,Thomaston High School,77.599999999999994,72.8,79.8,,,,,,,,,,,,,,,,63.5,54.4,,73.7,68.599999999999994,73.400000000000006,75.3,69.2,79.599999999999994,89.3,83.4,89.8,76.400000000000006,72.8,79
1416111,Thompson School District,Tourtellotte Memorial High School,70.599999999999994,69.099999999999994,72,,,,,,,,,,51.3,,,,,,47.5,47.8,56.7,65.599999999999994,64.599999999999994,62.5,69,65.900000000000006,71.400000000000006,75.5,79.099999999999994,81.5,75.099999999999994,67,72.7
1426111,Tolland School District,Tolland High School,83.9,85.2,85.2,,,,,,,,,,,,,,,,56.8,59.8,54.6,85.1,86,84.8,77.2,81.7,81,86.8,88.9,89.4,87.4,85.3,86.7
1436111,Torrington School District,Torrington High School,67.3,67.3,70.599999999999994,50.2,,,59,54.7,57.8,,,,52.5,54.4,60.9,26.8,40.7,42.9,50.5,55,57.9,63.4,63.5,69.599999999999994,68.8,65.099999999999994,65.599999999999994,73.5,78.5,80.7,72.3,68.099999999999994,71
1446111,Trumbull School District,Trumbull High School,90.3,88.8,87.6,79.8,82.1,76,88.1,84.2,78.3,,,,80.2,80.8,76.400000000000006,65.599999999999994,58.4,51.3,73.5,71,66.900000000000006,88.9,87.4,85.8,88.1,85.2,83.2,94.8,95,94.8,91.1,89.3,88.9
1466111,Vernon School District,Rockville High School,72.5,69.400000000000006,68,61.4,60.1,46.2,,40.4,62.7,,,,56.3,56.4,51.3,35.4,,27.9,54.6,54,49.9,70.099999999999994,67,64.599999999999994,71.400000000000006,67.3,64.400000000000006,75.599999999999994,72.8,74.7,75.900000000000006,71.7,69.2
1486111,Wallingford School District,Lyman Hall High School,77.7,77.099999999999994,81.599999999999994,,,,59.3,62.5,67.3,,,,65.5,67.7,68.3,46.4,53.5,55.4,56.8,60.2,59.3,77,77,77.7,76.5,76.3,82.1,81.599999999999994,80.099999999999994,87.3,77.900000000000006,76.5,81.2
1486211,Wallingford School District,Mark T. Sheehan High School,82.7,83,79.599999999999994,,,,,76.5,63.9,,,,,,,52.3,53.2,53.9,60.2,59.1,57.6,79.3,82.7,73.099999999999994,84.3,83.1,80.3,87.6,87.5,87,81.900000000000006,80.7,78.099999999999994
1516011,Waterbury School District,Waterbury Arts Magnet School (High),71.099999999999994,63,69.3,55,54.6,57.2,,56.3,61.2,,,,58.9,57.9,59.7,,,,57.9,56,58.9,58.8,52.9,62.3,73.3,59.4,73,86.9,83.1,83.7,70.099999999999994,60.7,61.3
1516211,Waterbury School District,Crosby High School,44.5,47.2,47.6,40.5,45,45.9,41.8,43.5,41.1,15.7,27.4,23.9,42.9,47,45.8,22.3,25.1,25.6,42.1,45.6,44.9,31.7,34.4,34.5,45.6,47,50.6,64.400000000000006,68.8,72.3,39.5,44.6,40.299999999999997
1516311,Waterbury School District,Wilby High School,46.2,53.6,44.8,50.1,50.7,43.2,40.9,51.3,42.3,22.6,30.9,26.2,44.9,51.6,42.8,23.6,46,28,43.8,52,42.3,32.9,44.1,32.4,51.2,51.1,49,61.3,73.099999999999994,68,46.3,50,36.799999999999997
1516411,Waterbury School District,John F. Kennedy High School,53.2,52,52,43.9,44,46.6,48.9,41.8,46.6,42.9,31.9,25.9,50.6,45.7,46.6,34.9,23.6,27.5,49.6,45.1,45.9,45.2,43.1,39.700000000000003,57.2,54,58,69.5,70.900000000000006,74.7,43.8,46.4,41.4
1526111,Waterford School District,Waterford High School,80.099999999999994,83.8,87.7,,,,,,,,,,66.400000000000006,76.2,71.900000000000006,42.8,46.1,,58.7,61.5,67.5,77.099999999999994,80.3,84.4,78.599999999999994,83.1,87.3,84.6,90.1,93.3,80.5,82.4,86.2
1536111,Watertown School District,Watertown High School,70.2,74.3,74.599999999999994,,,,,,,,,,59.4,65.8,62.4,24.9,28.4,,47.9,55.5,54.1,65.599999999999994,69.099999999999994,65.099999999999994,68.599999999999994,72.400000000000006,75.2,76.5,82.9,84.6,72.7,75.099999999999994,76.3
1546111,Westbrook School District,Westbrook High School,79.599999999999994,82,86.3,,,,,,,,,,,,,,,,,,,76.3,75.900000000000006,80.900000000000006,78.2,81.2,84.9,85.9,91.1,96,77.7,79.7,83.5
1556111,West Hartford School District,Conard High School,83.3,87.3,84.5,62.9,70.7,66.3,69.7,76.3,73.6,,,,60.4,73.3,68.599999999999994,61.8,64.2,63.2,62.6,71.8,68.5,78.599999999999994,82.7,78.900000000000006,85.8,86.1,84.6,90.9,93,92.6,83.4,88,85.1
1556211,West Hartford School District,Hall High School,87.1,86.3,87,73.3,79.3,73.7,71.7,72.9,72.2,,,,73.5,68.900000000000006,73.400000000000006,61.9,63.1,65.400000000000006,69.900000000000006,67.3,70.7,84.8,83,85.2,86.9,86.1,86.2,92,92.3,92.5,88.5,87.6,86.3
1566111,West Haven School District,West Haven High School,65.7,62.8,61,55.2,58,53.1,56.8,57.2,58.2,,,,58.4,55.9,55.7,34.4,29.1,25,56.9,55.1,54.2,55.3,52.4,49.4,68.099999999999994,59,60.2,79.400000000000006,78.3,76.5,65.599999999999994,65.900000000000006,63.6
1576111,Weston School District,Weston High School,95.6,94.9,93.7,,,,,,,,,,,,,,,,79.099999999999994,,72.400000000000006,93.3,94.7,91.9,95.4,94.3,93.3,97.9,97.1,96.4,95.7,93.9,93.1
1586111,Westport School District,Staples High School,93.8,94.7,93.6,,,,,,,,,,,,,73.900000000000006,76.4,74.599999999999994,76.3,77,76.400000000000006,93.8,94.9,93.2,94.3,95.4,93.2,95.9,97.2,96.8,91.6,92.4,92.4
1596111,Wethersfield School District,Wethersfield High School,81.7,84.9,81,56.9,,,71.5,69.8,66.8,,,,66.099999999999994,67.7,71.099999999999994,44.1,,43.8,60.6,62,63.1,77.400000000000006,81.900000000000006,77.099999999999994,81.2,82.5,79.5,89,93,87.5,81.099999999999994,84,81.8
1616111,Wilton School District,Wilton High School,94,92.8,93.9,,,,,,,,,,,,,73.400000000000006,73.6,77.7,75.099999999999994,76.8,79.099999999999994,94.1,91.8,92.6,93.2,91.6,92.5,96.9,96.3,97.6,92.2,92.9,93.6
1636111,Windham School District,Windham High School,42.8,50.5,44.6,,,,30,32.6,27.6,21,15.8,18.3,31.7,35.200000000000003,33.9,14.7,11.5,15,31.1,34.4,32.9,37.5,46.7,38.799999999999997,44.1,50.4,44.4,48,60.7,57.1,45.2,50.2,47.8
1646111,Windsor School District,Windsor High School,69.8,64.400000000000006,66.099999999999994,60.8,55,58.2,61.2,59.7,61.5,,,,57,50.1,52.5,43.8,37.8,44,56.4,47.8,50.9,71,65.3,65.2,67.7,60,59.9,76.8,72,76.7,68.099999999999994,65.2,65.3
1656111,Windsor Locks School District,Windsor Locks High School,76.900000000000006,74.599999999999994,68.8,,,,,,,,,,69.900000000000006,64.099999999999994,58.5,,,,68.8,62.3,56.3,74.3,71.099999999999994,63.3,75.7,72,68.3,86.8,86.8,80.099999999999994,74.900000000000006,73,65.099999999999994
1666111,Wolcott School District,Wolcott High School,83.9,82.1,85.1,,,,,,,,,,76,81.099999999999994,77.5,58,43.2,,71.900000000000006,65.8,75.2,83.3,83.7,86,80.2,78.400000000000006,79.2,89.8,89,92.9,84.9,78.8,83.6
2016112,Regional School District 01,Housatonic Valley Regional High School,78.8,81.3,83.1,,,,,,,,,,68.900000000000006,72.400000000000006,75.900000000000006,45.9,,,59.9,69.2,72.8,77.5,79.599999999999994,83.1,76.5,77.400000000000006,78.7,86.1,91,90.6,80.5,82.2,81.8
2046112,Regional School District 04,Valley Regional High School,87.7,88.8,88.8,,,,,,,,,,,,,,,,71,71.599999999999994,72.8,85.9,86.3,85.1,88.6,88.5,88.4,91,92.9,94,87.6,89.6,88.5
2056112,Regional School District 05,Amity Regional High School,88.4,92.3,91.6,,,,,,,,,,,,,73.2,70.7,69.900000000000006,72.2,74.400000000000006,72.3,83.9,90.9,89.2,90.1,92.6,92.2,94,96,94.9,86.7,91.8,90.6
2066112,Regional School District 06,Wamogo Regional High School,83.1,82.8,81.5,,,,,,,,,,,,,,,,,,67.400000000000006,84.8,80.7,79.400000000000006,82.3,81.099999999999994,82.1,85.2,90.2,88.1,79.7,78.8,78.099999999999994
2076112,Regional School District 07,Northwestern Regional High School,88.7,90,91.2,,,,,,,,,,,,,55.8,,,63.9,,73.3,86.5,89.5,87.9,88.1,87.8,91.9,93.1,93.5,95.4,87.8,89.1,89.5
2086112,Regional School District 08,RHAM High School,85.9,86,85.4,,,,,,,,,,,,66.7,56.3,52.9,56.8,58.8,57.9,61,86.9,86.7,84.6,83.1,84.4,83.3,90.5,87.9,91.6,86,86.6,85.2
2096112,Regional School District 09,Joel Barlow High School,92.7,93.9,94.5,,,,,,,,,,,,,70.900000000000006,75.8,79.599999999999994,74.3,77.900000000000006,83.6,90.8,93.8,92.8,91.7,93,95.7,96.3,97.5,98.1,92.3,93.3,92.3
2106112,Regional School District 10,Lewis S. Mills High School,86.6,87.9,87,,,,,,,,,,,,,,,47.2,65.2,64.099999999999994,52.1,87.1,90,85.5,84.2,84.2,84.8,87.8,88.8,90.6,87.6,89.4,89.3
2116112,Regional School District 11,Parish Hill High School,67.5,73.599999999999994,78.3,,,,,,,,,,,,,,,,,,,67.2,71.099999999999994,69.900000000000006,67.7,70.7,77.8,71,76.900000000000006,92.2,65.8,77,78.099999999999994
2126112,Regional School District 12,Shepaug Valley High School,77,83.4,81.099999999999994,,,,,,,,,,,,,,,,,67.099999999999994,,78.2,82.6,76.5,73.8,81.599999999999994,79.400000000000006,76.8,86.5,89.2,79.7,85.6,80.7
2136112,Regional School District 13,Coginchaug Regional High School,85.9,85.4,81.3,,,,,,,,,,,,,71.099999999999994,64,54.4,71.099999999999994,64.7,59.5,84.5,85.1,78.7,81.599999999999994,81.7,76.400000000000006,92.8,93.1,88.6,85.5,85.4,85
2146112,Regional School District 14,Nonnewaug High School,83.6,84.7,85.3,,,,,,,,,,,75.099999999999994,,,53.1,51.4,53.6,65.8,59.5,82.9,82.2,81.599999999999994,83,83.7,84.6,85.6,89.6,90,84.6,84.5,84.7
2156212,Regional School District 15,Pomperaug Regional High School,90.4,87.1,88.1,,,,,,,,,,,,,71,55.9,63.9,73.7,58,66.7,88.7,88,86.5,90.7,84.8,85,93.4,92.1,92.5,91.1,88.7,89.6
2166012,Regional School District 16,Woodland Regional High School,76.8,81,78.8,,,,,,,,,,69.599999999999994,65,58.4,35.700000000000003,,40.1,56.9,60.2,55.5,73.5,79.3,73.3,74.3,80.3,75.099999999999994,83.9,90.1,92.5,77.599999999999994,78.599999999999994,81
2176112,Regional School District 17,Haddam-Killingworth High School,84.7,84.5,83.3,,,,,,,,,,,,,,52.8,47.1,66.2,57.2,53.2,79.599999999999994,79,77.900000000000006,81.7,84.5,82,91.1,91,90.3,89.2,84.8,85.2
2186112,Regional School District 18,Lyme-Old Lyme High School,88.8,88.1,87.5,,,,,,,,,,,,,,,,,,,89.5,82.3,83.5,86.5,88.8,87.1,89.4,93.6,93.2,90.9,88.7,90.4
2196112,Regional School District 19,E. O. Smith High School,83.9,83.2,80.7,,,,,63.7,,,,,66.599999999999994,64.3,55.3,59.2,46.7,45.3,65,62.1,53.3,82.1,82.5,77.2,80.400000000000006,78.900000000000006,75.8,89.5,89.1,90.1,86,86.2,84.2
2415114,Capitol Region Education Council,Academy of Aerospace and Engineering,81.2,86.2,90.5,,,,,,,,,,,,,,,,,,,73.099999999999994,81.3,88.4,79.599999999999994,83.8,90.1,91.1,95.8,95.9,80.8,83.8,87.6
2415214,Capitol Region Education Council,CREC - Public Safety Academy Interdistrict Magnet School,65.099999999999994,57.6,60.2,,,,,,,,,,,,52.7,,,,,,53.5,49.3,44.8,56.4,68.5,53.8,56.3,85.2,72.400000000000006,76,57.6,59.9,54.7
2416114,Capitol Region Education Council,Metropolitan Learning Center,79.2,77.400000000000006,81.099999999999994,77.2,75.8,76.1,,,,,,,74.599999999999994,72.5,76,,,,75.099999999999994,70.900000000000006,76,75.7,75.8,80.400000000000006,76.2,75,79.900000000000006,91.3,88.6,91.5,75.5,74.3,72.5
2416414,Capitol Region Education Council,Greater Hartford Academy of  the Arts - Full Time,70,73.400000000000006,68.599999999999994,64.6,57.7,,63.4,66.4,65.5,,,,59,66.8,59.8,,,,59.6,66.599999999999994,60.8,60.1,67,62.6,70.3,76.3,66.8,84.6,84.7,83.8,65.400000000000006,67.599999999999994,65.2
2416514,Capitol Region Education Council,CREC Medical Professions and Teacher Preparation Academy,,,76.400000000000006,,,74.1,,,,,,,,,73.099999999999994,,,,,,73.099999999999994,,,65.400000000000006,,,78.3,,,93.6,,,68.099999999999994
2456014,Learn,Connecticut River Academy,,53.4,64,,,59.8,,,56.3,,,,,50.7,56,,,,,51.3,56.6,,49,57.4,,49.5,62.4,,71.900000000000006,79.3,,55.7,60.2
2456114,Learn,Marine Science Magnet High School of Southeastern Connecticut,,,95.7,,,,,,,,,,,,,,,,,,,,,92.1,,,96.9,,,98.4,,,95.3
2536014,Eastern Connecticut Regional Educational Service Center,ACT Magnet School (Arts at the Capitol Theater) - Full Time,76.900000000000006,82.4,70.400000000000006,,,,,,,,,,,,,,,,,,,70.099999999999994,71,56.9,68.900000000000006,80.7,69.599999999999994,90.2,94.5,87.9,83.1,83.5,68.8
2536114,Eastern Connecticut Regional Educational Service Center,Quinebaug Middle College,34.799999999999997,60.9,46.2,,,,,,,,,,,,,,,,,,46.3,25.3,53.8,32.1,33.299999999999997,52.7,41.6,37.9,70,60.8,38.9,66.900000000000006,50.1
2686113,Common Ground High School District,Common Ground High School,63.7,69.400000000000006,65.3,,,,,,,,,,56,,60.7,,,,56,,61,62.9,65.099999999999994,53.4,68.8,75.599999999999994,71.400000000000006,67.8,77.599999999999994,78.2,58.6,63.2,60.6
2696113,The Bridge Academy District,The Bridge Academy,52.9,51,60.1,53.7,45.4,57.4,,,,,,,52.1,51.2,56.4,,,,50.7,51.5,57.5,46.6,48.6,58.1,49,39.700000000000003,48.9,71.5,70.599999999999994,75.599999999999994,55.2,48.5,59.7
2726113,Explorations District,Explorations,,55.5,,,,,,,,,,,,,,,,,,,,,50.1,,,50,,,63.5,,,58.5,
2795113,Amistad Academy District,Amistad Academy,75.599999999999994,80.400000000000006,78.3,68.3,81.3,78.1,,,,,,,73,,,,,,73.900000000000006,,,72.7,81.599999999999994,82.8,68.7,73.5,74.2,86.6,94.9,97.4,75.099999999999994,74.2,68
2826013,Stamford Academy District,Stamford Academy,12.4,,21,11.5,,,,,,,,,11.8,,22.1,,,,11.8,,22.1,10.7,,15,11.8,,24.6,8.300000000000001,,,19,,
2890113,Elm City College Preparatory School District,Elm City College Preparatory School,76.2,,79.400000000000006,75.5,,79.3,,,,,,,,,79.3,,,,,,79.3,75.400000000000006,,77.5,77.7,,83.4,91,,94.1,65.2,,68
3476715,Unified School District #2,Walter G. Cady School,,17.8,,,,,,,,,,,,17.8,,,,,,17.8,,,11,,,14.2,,,,,,,
9001116,Connecticut Technical High School System,Bullard-Havens Technical High School,70.8,67.2,66.3,66.7,68.1,61.9,73,65.3,68.6,,,,70.5,66.5,66.7,,,,70.599999999999994,66.7,66.5,68.099999999999994,65.5,58.6,68.8,63,66.099999999999994,82,76.599999999999994,79.400000000000006,64.5,64,61.4
9001216,Connecticut Technical High School System,Henry Abbott Technical High School,67.900000000000006,69.400000000000006,69.400000000000006,,,,65.9,68.1,67.2,,,,63.8,67.7,65.8,60.2,51.9,60.6,63.5,64,65.3,66.599999999999994,72.5,70.8,61.6,59.5,61.3,74.7,71.2,72.400000000000006,69.900000000000006,74.5,72.599999999999994
9001316,Connecticut Technical High School System,H. H. Ellis Technical High School,75.599999999999994,72.2,72.900000000000006,,,,,,,,,,73.099999999999994,76.5,72.2,,,,70.2,74.400000000000006,71.400000000000006,75.599999999999994,79.400000000000006,76.599999999999994,67,57.4,62.3,78.5,75.2,76.599999999999994,81.2,77,76.099999999999994
9001416,Connecticut Technical High School System,Eli Whitney Technical High School,56.6,56.3,45,58.7,54.5,49.8,54.8,56.5,40.6,,43.6,,55.3,55.8,42.6,,,,55.3,55.7,42.3,52.4,48.8,33.6,60.6,56.7,50.6,69.400000000000006,74.3,61.2,44.7,45.6,36.4
9001516,Connecticut Technical High School System,A. I. Prince Technical High School,58.6,56,59.7,56.7,52.8,58.4,59.8,57.9,60.5,,,,56.8,55.7,58.3,,,,56.9,55.1,58,54.1,50.4,51.2,60,56.3,58.7,70.5,70.5,76.8,49.8,46.6,52.9
9001616,Connecticut Technical High School System,Howell Cheney Technical High School,75.099999999999994,70.599999999999994,70.8,56.7,60.5,61.6,61.9,63.6,61.1,,,,68.400000000000006,67.7,63.4,,,,66.2,66.3,64.2,74.5,73.599999999999994,72.599999999999994,69.900000000000006,64.400000000000006,64,80,73.900000000000006,76.7,77.099999999999994,70.8,70
9001716,Connecticut Technical High School System,H. C. Wilcox Technical High School,78.599999999999994,79.7,79.599999999999994,,,,72.6,76.3,76,,,,74.400000000000006,77.599999999999994,78.099999999999994,,,,73.599999999999994,77.8,76.400000000000006,76.599999999999994,79.7,78.099999999999994,76.8,77.8,78.400000000000006,80.7,83.9,84.1,80.5,77.5,77.7
9001816,Connecticut Technical High School System,Vinal Technical High School,71.8,67.5,66,,54.9,56.8,,58.3,,,,,65.900000000000006,63.4,58.7,60.7,,49.6,64,61.4,57.1,75.400000000000006,71.099999999999994,68.7,65.400000000000006,58.6,53.9,74.8,70.5,70.599999999999994,71.599999999999994,70,71.2
9001916,Connecticut Technical High School System,E. C. Goodwin Technical High School,64.400000000000006,62.6,57,,58.2,51.4,62.3,57.5,54.8,,,,64.7,59.4,55.5,,,,61.6,59,54.6,63.3,63.3,53.6,58.3,56.4,56.1,72.900000000000006,69.2,66.599999999999994,63.3,61.4,51.7
9002016,Connecticut Technical High School System,Norwich Technical High School,80,79.099999999999994,80.5,,,,,,77.2,,,,75.8,76.3,78.8,,,,76.2,75.099999999999994,76.900000000000006,79.5,80.099999999999994,79.400000000000006,74.099999999999994,74.7,76.099999999999994,84.5,83.1,85,81.7,79.2,81.5
9002216,Connecticut Technical High School System,Oliver Wolcott Technical High School,75,77.8,74.3,,,,,,,,,,71.900000000000006,71.3,70.099999999999994,,,,69,70.7,69,75.8,76.599999999999994,73.8,69.599999999999994,73.400000000000006,66.400000000000006,78.5,81.599999999999994,82.7,75.900000000000006,79.900000000000006,74.3
9002316,Connecticut Technical High School System,W. F. Kaynor Technical High School,79,78.900000000000006,83.3,74.4,72.8,80,78.2,76.4,80.1,,,,77.8,76.900000000000006,81.3,,,,78.2,77.099999999999994,81.400000000000006,75.3,77.2,79.2,79.7,75.3,84,87.8,88.3,92.2,73.400000000000006,74.8,77.7
9002416,Connecticut Technical High School System,Windham Technical High School,73.400000000000006,76.099999999999994,70.099999999999994,,,,66.8,69.8,68.9,,,,68.400000000000006,73.7,67.3,,,,68.099999999999994,70.8,64.5,73.3,81.3,71.400000000000006,69.2,68,58.8,77,79.2,77.7,74.2,75.8,72.5
9002516,Connecticut Technical High School System,Emmett O'Brien Technical High School,70.8,65.099999999999994,68.7,,,,,65.6,56.1,,,,69.5,67.099999999999994,68.8,,,,66.2,63.3,66.599999999999994,63.7,65.5,64.2,71.400000000000006,54.8,64.5,75.099999999999994,74.7,78.599999999999994,73.3,65.5,67.599999999999994
9002616,Connecticut Technical High School System,Platt Technical High School,81.2,79.900000000000006,82.1,76.8,78,74.6,79.6,79.7,80.2,,,,78.8,77.8,80,,,,78.8,77.900000000000006,79.8,79.099999999999994,81.099999999999994,82.3,77.400000000000006,76.2,78.8,87.8,83.5,86.9,80.3,79,80.5
9002716,Connecticut Technical High School System,Ella T. Grasso Southeastern Technical High School,65.400000000000006,65.400000000000006,65.099999999999994,,60.3,,62,59.7,58.1,,,,62.8,64.400000000000006,61.4,50.9,,,60.4,64,60.1,64.5,68.8,60.8,62.3,59.9,59.6,69.400000000000006,70.3,72.5,66.2,64.599999999999994,67.5
9016122,Norwich Free Academy District,Norwich Free Academy,71.599999999999994,72,68.900000000000006,48.3,47,50.9,54.7,56.9,,,,30,48.3,45.6,50,32.299999999999997,31.5,27.4,44.7,43.8,45.1,68.7,71.099999999999994,65.8,71.7,67.400000000000006,65.599999999999994,75,78,77.3,73.400000000000006,76.5,72.099999999999994
9026122,The Gilbert School District,The Gilbert School,74.400000000000006,68.900000000000006,68.2,,,,,,,,,,61.2,54.6,60.6,,,,60.8,55.1,55.1,71.099999999999994,63.9,61.3,72.7,63.4,68.8,82.4,79.5,79.599999999999994,76.2,69.3,65.099999999999994
9036122,Woodstock Academy District,Woodstock Academy,83.4,81.2,83.2,,,,,,,,,,80.099999999999994,,,,,,70.8,42.8,41.7,82.1,76.8,81.900000000000006,77.099999999999994,77.5,77,89.4,88.3,90.2,85.1,83.2,88.3
